-2.560959663242e-03,-1.437835693359e-01,-4.190113842487e-01,7.747102975845e-01,-6.475979834795e-02,-6.181767582893e-01,-3.536387979984e-01,6.793372631073e-01,-1.271246522665e-01,1.144606098533e-01,4.642744958401e-01,6.431652903557e-01,-7.271393537521e-01,-6.867830753326e-01,2.383738458157e-01,5.455765128136e-01,2.864052951336e-01,3.298425376415e-01,8.478982448578e-01,-1.672076433897e-01,-3.565910160542e-01,-8.203436732292e-01,9.164451360703e-01,-3.935646116734e-01,7.473801821470e-02,6.537770032883e-01,-2.548738420010e-01,7.358354330063e-01,4.565981924534e-01,8.538930416107e-01,6.498580574989e-01,-4.686191082001e-01,-3.504690825939e-01,-6.988992094994e-01,8.827103674412e-02,4.184328317642e-01,-4.321936964989e-01,4.478260278702e-01,-9.818724989891e-01,5.283347368240e-01,-3.849910199642e-01,7.206521034241e-01,3.342317044735e-01,-3.306341469288e-01,8.706779219210e-03,-5.241817831993e-01,6.756240725517e-01,-5.660132169724e-01,-5.344124436378e-01,-5.537754893303e-01,-2.602066099644e-01,-5.289206504822e-01,-4.980315268040e-02,-3.471561968327e-01,-2.187203466892e-01,-6.051710620522e-02,4.183756113052e-01,-1.223486587405e-01,-3.440314531326e-01,2.347274869680e-01,3.561259806156e-01,-4.382900297642e-01,6.018532514572e-01,-6.378439068794e-01
2.705390453339e-01,-3.654832541943e-01,-3.938007056713e-01,5.846449136734e-01,4.687961935997e-01,4.700738787651e-01,2.845033407211e-01,5.384191274643e-01,-2.778962254524e-01,5.421143770218e-01,-4.213862419128e-01,1.111214384437e-01,-5.378381609917e-01,-4.228656888008e-01,3.133957982063e-01,-6.297018527985e-01,7.340992689133e-01,-6.199885606766e-01,-1.597139984369e-01,-2.083986550570e-01,1.404487490654e-01,-8.064526319504e-01,3.615282475948e-01,-2.485819533467e-02,-4.157131314278e-01,7.447419166565e-01,5.645198374987e-02,-5.075710415840e-01,-4.928759764880e-03,-4.628410339355e-01,-5.652129054070e-01,3.622654974461e-01,4.335440397263e-01,-6.353130340576e-01,-3.030043244362e-01,3.692799508572e-01,5.849835872650e-01,-5.520871281624e-01,5.004472136497e-01,2.520620226860e-01,-6.166381835938e-01,-1.624229848385e-01,-4.112767875195e-01,-4.166290163994e-01,-8.018804341555e-02,-3.812103271484e-01,-5.358256101608e-01,-4.838159680367e-01,3.157783448696e-01,5.379602909088e-01,5.404607653618e-01,2.653948664665e-01,6.417667269707e-01,5.620174407959e-01,3.867658972740e-01,-5.885336399078e-01,-5.778716802597e-01,-2.844562828541e-01,-2.717007650062e-03,4.265821874142e-01,1.167982257903e-02,5.691592097282e-01,-6.380658745766e-01,-3.126773834229e-01
2.282671630383e-01,-8.676505088806e-01,-7.581090331078e-01,2.440370917320e-01,4.669571220875e-01,-1.918699741364e-01,1.895466893911e-01,-7.723619341850e-01,9.299749135971e-01,5.716443657875e-01,-4.703907966614e-01,-7.230001091957e-01,-4.710667431355e-01,5.508106946945e-01,-2.638441920280e-01,7.064753174782e-01,-5.261887311935e-01,5.958011150360e-01,-5.487216114998e-01,1.107520088553e-01,7.834011316299e-01,7.993668913841e-01,6.086528897285e-01,1.408606320620e-01,-4.126127660275e-01,-6.292555928230e-01,6.845438480377e-01,7.765598297119e-01,7.391872406006e-01,-7.227523326874e-01,5.700072646141e-01,-9.307824969292e-01,-3.369075357914e-01,3.288384377956e-01,-9.019646048546e-01,4.675940573215e-01,2.089457362890e-01,5.315082073212e-01,6.699290275574e-01,-7.831130027771e-01,-2.501282989979e-01,9.676077961922e-01,5.891015529633e-01,-8.058918118477e-01,4.195615947247e-01,-3.838194012642e-01,5.240296721458e-01,-3.866310417652e-01,6.795536875725e-01,3.791244924068e-01,7.600440382957e-01,-6.938843727112e-01,-9.147847890854e-01,8.158300817013e-02,-7.889008522034e-01,-3.562226891518e-01,3.760878145695e-01,-4.625709652901e-01,1.391328573227e-01,-6.279757618904e-01,4.650947451591e-01,6.060230135918e-01,-2.355182319880e-01,5.656768679619e-01
-6.581335067749e-01,3.176687955856e-01,-5.264280438423e-01,-6.271331906319e-01,-3.217580020428e-01,-5.350755453110e-01,8.291560411453e-02,-4.863969683647e-01,-2.670164704323e-01,1.005743816495e-01,-8.490717411041e-01,-6.957953572273e-01,4.869641065598e-01,5.138362050056e-01,-6.695036888123e-01,4.079965949059e-01,-6.782536506653e-01,-6.744254827499e-01,6.396493911743e-01,4.413964152336e-01,7.253700494766e-01,1.074070576578e-02,1.115315705538e-01,5.059066414833e-01,9.364039301872e-01,4.191203415394e-01,5.171268582344e-01,-6.994175314903e-01,5.869618654251e-01,-2.659656405449e-01,-7.667660713196e-01,3.732323348522e-01,-7.000268101692e-01,6.875760555267e-01,6.950308680534e-01,-6.644731163979e-01,9.307302832603e-01,-4.282176792622e-01,6.727461218834e-01,-4.734912514687e-01,6.131860017776e-01,-5.615800023079e-01,4.642526209354e-01,6.008322238922e-01,8.021849989891e-01,7.633886933327e-01,4.138170778751e-01,-7.868990898132e-01,3.265527188778e-01,2.480222284794e-01,2.811974585056e-01,-1.548457145691e-02,7.815446853638e-01,-8.940658569336e-01,8.804447203875e-02,1.214653775096e-01,6.413467526436e-01,-1.732750684023e-01,6.449946165085e-01,7.426657676697e-01,4.782626926899e-01,-7.131443023682e-01,4.257850646973e-01,-3.176939785480e-01
-5.111507177353e-01,-6.615644693375e-01,5.789111852646e-01,-3.022201359272e-01,6.043798923492e-01,-5.808374285698e-01,6.652376055717e-01,8.307726383209e-01,4.801096022129e-01,-4.995940923691e-01,4.871318042278e-01,7.596110105515e-01,2.470400780439e-01,3.282066583633e-01,4.937132000923e-01,-9.648662060499e-02,-1.064781397581e-01,7.275424599648e-01,-5.733300447464e-01,-7.376895546913e-01,-3.274714648724e-01,5.708264112473e-01,-5.412049889565e-01,-2.370575517416e-01,-2.830465137959e-01,-8.162887096405e-01,4.560901224613e-01,1.389661282301e-01,-5.297892093658e-01,6.996008157730e-01,6.536831259727e-01,-2.293090820312e-01,7.544326186180e-01,6.476787924767e-01,3.576650321484e-01,-1.373388171196e-01,-5.117268562317e-01,-1.029071927071e+00,-3.615325689316e-01,-1.000182867050e+00,2.972544729710e-01,-2.998990416527e-01,2.762332186103e-02,3.405498266220e-01,3.152893185616e-01,-8.848112821579e-01,-2.264428138733e-01,4.721762835979e-01,-2.497885078192e-01,-5.666113495827e-01,-7.626293897629e-01,4.249657690525e-02,2.425598949194e-01,2.726011872292e-01,3.003083467484e-01,-8.970633149147e-01,-9.589452743530e-01,7.394722104073e-01,7.678328752518e-01,3.249801993370e-01,-9.177405238152e-01,1.932356208563e-01,-9.442362785339e-01,-3.119924068451e-01
-6.418620347977e-01,2.611153423786e-01,1.045668050647e-01,-3.987808823586e-01,-8.874490261078e-01,4.811548292637e-01,1.845630854368e-01,3.808428645134e-01,-3.137356936932e-01,-4.605574607849e-01,7.719829082489e-01,9.408314712346e-03,-5.566628575325e-01,5.604436993599e-01,4.636330306530e-01,4.253423511982e-01,5.892398357391e-01,-5.509353876114e-01,3.657240048051e-02,-4.777489900589e-01,-3.592078089714e-01,-4.205626547337e-01,-6.287361979485e-01,-3.760001361370e-01,8.355248570442e-01,7.369830608368e-01,-5.155485868454e-01,-5.593985319138e-01,-7.435083985329e-01,-6.861742138863e-01,-4.569848775864e-01,-5.327377319336e-01,-8.163434267044e-01,5.996408462524e-01,2.668677568436e-01,4.413931965828e-01,-9.192267060280e-01,2.783611416817e-01,5.297845005989e-01,5.352828502655e-01,5.891978144646e-01,-4.513289034367e-01,-6.765127182007e-01,1.059636324644e-01,-1.117045640945e+00,9.689332246780e-01,-2.860222458839e-01,9.204827547073e-01,7.318872213364e-01,1.562919765711e-01,1.875587701797e-01,-6.540046930313e-01,-4.174577891827e-01,2.771178185940e-01,1.603182554245e-01,5.677992105484e-01,3.425279259682e-01,8.384392857552e-01,-9.233638048172e-01,6.529722809792e-01,-6.946782469749e-01,-5.665458440781e-01,3.721303045750e-01,4.569847285748e-01
4.653668403625e-01,3.024712204933e-01,8.874312043190e-01,4.531544148922e-01,-5.634487867355e-01,-8.202232718468e-01,4.698796272278e-01,5.474839806557e-01,7.710408419371e-02,-4.578692615032e-01,-6.672697663307e-01,6.495229005814e-01,6.795058846474e-01,-2.704722583294e-01,-3.838039040565e-01,1.567019075155e-01,1.063072755933e-01,-4.291117191315e-02,-5.133599042892e-01,8.128699064255e-01,-6.138614416122e-01,-4.962109029293e-01,6.883250474930e-01,9.171896427870e-02,-3.315119445324e-01,-4.893164038658e-01,-7.811294198036e-01,5.725164413452e-01,6.043856739998e-01,7.807759046555e-01,4.606311023235e-01,-3.094413876534e-01,-5.538626313210e-01,-4.310652017593e-01,-6.608633399010e-01,-5.474394559860e-01,3.218145966530e-01,7.025214433670e-01,6.036896705627e-01,-3.501060009003e-01,-3.299619257450e-01,8.890475630760e-01,3.716220259666e-01,-5.751972086728e-03,-3.416920304298e-01,1.794723570347e-01,-7.198140025139e-01,6.492440700531e-01,-2.554363012314e-01,8.519709706306e-01,-4.387078285217e-01,5.977653264999e-01,-1.695523262024e-01,7.117002606392e-01,6.134716272354e-01,3.369181752205e-01,2.910757660866e-01,8.679790496826e-01,-7.039307951927e-01,-4.859419465065e-01,-6.786842346191e-01,5.491412878036e-01,-9.823855161667e-01,4.581579193473e-02
1.670651584864e-01,4.219214022160e-01,-3.141415119171e-01,6.328071951866e-01,-6.469717025757e-01,4.991569817066e-01,-2.053724825382e-01,-5.087321400642e-01,2.982921898365e-01,-6.033923625946e-01,-8.439589738846e-01,4.958702921867e-01,6.012440323830e-01,3.348599970341e-01,3.862272799015e-01,-8.221963047981e-01,2.465783059597e-01,5.593761205673e-01,6.368942856789e-01,5.753313302994e-01,6.167150139809e-01,9.496419429779e-01,-8.534340262413e-01,8.097535371780e-01,-5.451601147652e-01,4.728430211544e-01,3.776584267616e-01,-4.421866536140e-01,-2.826913595200e-01,8.453975319862e-01,-5.882170200348e-01,8.521757721901e-01,6.133220791817e-01,-2.704833745956e-01,4.077557921410e-01,6.991798281670e-01,-7.547023892403e-01,3.194327354431e-01,-1.887009143829e-01,3.234606087208e-01,-5.302964448929e-01,-5.307324528694e-01,1.260376125574e-01,-7.471448183060e-01,3.959485590458e-01,-7.401165962219e-01,4.529795944691e-01,3.607511222363e-01,-2.865575850010e-01,-6.907408237457e-01,7.066366672516e-01,-2.322507798672e-01,3.531234860420e-01,3.376654088497e-01,-3.994961977005e-01,4.687337875366e-01,-7.274350523949e-01,-3.702082335949e-01,6.377767920494e-01,-2.731612920761e-01,3.220784068108e-01,3.822185695171e-01,6.131209135056e-01,5.396228432655e-01
7.320802211761e-01,2.828723788261e-01,4.291969239712e-01,-2.905594408512e-01,6.807866096497e-01,-1.896074861288e-01,-8.290767073631e-01,-7.238854765892e-01,-9.158626198769e-01,2.146281003952e-01,6.038122177124e-01,-8.423869013786e-01,-4.904398024082e-01,-3.619477450848e-01,3.238467574120e-01,7.239633798599e-01,-8.565181493759e-01,-8.125791549683e-01,-6.779919862747e-01,-6.756817698479e-01,-6.842656731606e-01,2.779754064977e-02,2.483949661255e-01,5.415430665016e-01,-3.969946801662e-01,-6.395517587662e-01,-8.726884126663e-01,4.004954993725e-01,-5.504968762398e-01,-4.096810817719e-01,-4.847068786621e-01,3.509754538536e-01,3.269859552383e-01,3.653775453568e-01,-6.537862420082e-01,-2.719022333622e-01,6.070836782455e-01,-5.240435600281e-01,-7.651292681694e-01,4.064699113369e-01,3.627836704254e-01,-9.388784766197e-01,4.538811445236e-01,6.117789745331e-01,3.506293892860e-01,6.469545364380e-01,3.172183036804e-01,-3.994898200035e-01,6.109127998352e-01,6.564692854881e-01,-4.630533456802e-01,5.097217559814e-01,-5.967598557472e-01,-3.723402917385e-01,-4.655860066414e-01,-2.075858712196e-01,-2.108068764210e-01,-4.614178538322e-01,1.499193459749e-01,-7.925974130630e-01,-2.823934257030e-01,-5.537774562836e-01,1.043350622058e-01,4.315259158611e-01
-5.037053227425e-01,6.910828351974e-01,5.861240625381e-01,-4.515782296658e-01,3.787307143211e-01,6.397532820702e-01,-8.609712719917e-01,-3.116169273853e-01,2.709574401379e-01,7.070994377136e-01,5.916540622711e-01,-4.687448590994e-02,5.453952550888e-01,-5.774194002151e-01,-7.453879714012e-01,-5.667629241943e-01,5.655922368169e-02,5.622929930687e-01,-2.245562225580e-01,7.162041217089e-02,-1.250043958426e-01,2.032696008682e-01,-5.109269022942e-01,-1.087985754013e+00,6.083790063858e-01,-1.312982738018e-01,5.649807453156e-01,5.051359534264e-01,-1.600764244795e-01,-3.331943452358e-01,6.303008794785e-01,5.968968272209e-01,4.443945288658e-01,-5.547882914543e-01,6.817821860313e-01,-5.408965349197e-01,1.833107918501e-01,2.970442771912e-01,-6.121583580971e-01,6.707233786583e-01,4.943000376225e-01,3.839838877320e-02,-1.037769556046e+00,4.471521973610e-01,-3.761153221130e-01,-8.407424390316e-02,-7.423523664474e-01,2.241531461477e-01,-2.474218457937e-01,-6.147255301476e-01,-5.911183357239e-01,7.150465846062e-01,4.043135941029e-01,-6.153433918953e-01,6.091981530190e-01,-2.689014077187e-01,1.508369389921e-02,-6.026486158371e-01,-1.116562411189e-01,-1.926615983248e-01,2.484162598848e-01,5.138477683067e-01,6.854985952377e-01,-7.277433872223e-01
